Term,Definition
ğŸ“ Security baseline,"Standard security configuration - Minimum security requirements - Consistent across organization - Based on industry standards"
ğŸ“š Baseline sources,"CIS (Center for Internet Security) Benchmarks - NIST guidelines - STIGs (Security Technical Implementation Guides) - Vendor recommendations - Industry best practices"
âš™ï¸ Configuration management,"Document current state - Define desired state - Track changes over time - Version control"
ğŸ’¿ Image deployment,"Golden images - Automated deployment - Consistent configuration - Rapid provisioning"
âš ï¸ Baseline deviation,"Detect unauthorized changes - Configuration drift - Compliance monitoring - Remediation procedures"
ğŸ“± Mobile security controls,"Screen lock and password - Encryption - Remote wipe capability - App controls"
ğŸ“² Mobile Device Management (MDM),"Centralized management - Policy enforcement - Application management - Device inventory"
ğŸ”€ Deployment models,"BYOD (Bring Your Own Device) - COPE (Corporate Owned, Personally Enabled) - CYOD (Choose Your Own Device) - Corporate-owned devices"
ğŸ’» OS hardening,"Remove unnecessary services - Disable unused features - Apply security patches - Enable firewall"
ğŸ“¦ Application hardening,"Keep applications updated - Remove unused applications - Configure securely - Principle of least privilege"
ğŸ–¥ï¸ Server security,"Minimize installed software - Close unnecessary ports - Strong authentication - Regular patching"
âš™ï¸ Service configuration,"Disable default accounts - Change default passwords - Secure protocols only - Access controls"
ğŸ”Œ Embedded system security,"Firmware updates - Change default credentials - Network segmentation - Physical security"
ğŸŒ IoT hardening,"Unique passwords per device - Disable unnecessary features - Network isolation - Regular updates"
ğŸ­ SCADA/ICS hardening,"Air-gapped networks - Limited remote access - Physical security controls - Specialized security tools"
â›” WEP (Wired Equivalent Privacy),"Deprecated and insecure - Easily cracked - Never use"
ğŸ”“ WPA (Wi-Fi Protected Access),"TKIP encryption - Better than WEP - Still vulnerable"
ğŸ”’ WPA2,"AES encryption (CCMP) - Strong security - Current standard - Personal and Enterprise modes"
ğŸ” WPA3,"Enhanced encryption - SAE (Simultaneous Authentication of Equals) - Forward secrecy - Protection against offline attacks - Personal and Enterprise modes"
ğŸ”‘ Pre-Shared Key (PSK),"WPA2-Personal / WPA3-Personal - Shared password - Simpler deployment - Less secure for enterprise"
ğŸ¢ Enterprise authentication,"WPA2-Enterprise / WPA3-Enterprise - 802.1X authentication - RADIUS server - Individual user credentials"
ğŸ” AAA Framework,"Authentication: Prove identity - Authorization: Grant access - Accounting: Track usage - RADIUS and TACACS+ protocols"
ğŸ”‘ EAP methods,"EAP-TLS (certificate-based) - PEAP (Protected EAP) - EAP-TTLS (Tunneled TLS) - EAP-FAST (Flexible Authentication via Secure Tunneling)"
ğŸ“¡ SSID management,"Change default SSID - Hide SSID broadcast (security through obscurity) - Multiple SSIDs for segmentation"
ğŸ·ï¸ MAC filtering (wireless),"Whitelist approved devices - Easily spoofed - Administrative overhead - Additional layer only"
âš ï¸ Wi-Fi Protected Setup (WPS),"Easy setup feature - Security vulnerability - PIN brute force attack - Should be disabled"
ğŸ“¡ Site survey process,"Identify coverage areas - Detect interference - Optimize AP placement - Identify rogue APs"
ğŸ—ºï¸ Heat mapping,"Visual coverage representation - Signal strength mapping - Dead zones identification - Overlap planning"
ğŸ“¶ Mobile connection methods,"Cellular (4G, 5G) - Wi-Fi - Bluetooth - NFC (Near Field Communication)"
ğŸ”’ Mobile security features,"Biometric authentication - Device encryption - Remote wipe - GPS tracking - Containerization"
ğŸ“± Mobile application security,"App vetting process - Official app stores only - Permission management - App sandboxing"
ğŸ“ Geofencing,"Geographic boundaries - Location-based policies - Restrict access by location - Compliance enforcement"
ğŸ“± BYOD policies,"Acceptable use - Security requirements - Data ownership - Privacy concerns"
ğŸ“¦ Containerization,"Separate personal and work data - Corporate data protection - Selective wipe capability - App isolation"
âœ… Input validation,"Sanitize user input - Whitelist validation - Prevent injection attacks - Length and type checking"
ğŸª Secure cookies,"HttpOnly flag - Secure flag (HTTPS only) - SameSite attribute - Expiration timeouts"
ğŸ“ Static code analysis,"Review source code - Automated scanning - Find vulnerabilities early - Before deployment"
ğŸ”„ Dynamic code analysis,"Runtime testing - Fuzzing - Penetration testing - Production-like environment"
âœï¸ Code signing,"Verify software integrity - Confirm publisher identity - Digital signatures - Certificate-based"
ğŸ“¦ Sandboxing,"Isolated execution environment - Limited access to system - Test suspicious code - Malware analysis"
ğŸ“Š Monitoring (application),"Application logs - Performance metrics - Security events - Anomaly detection"
ğŸ“‹ Asset inventory,"Hardware assets - Software assets - Data assets - Digital assets"
ğŸ” Inventory systems,"Automated discovery - Manual tracking - Asset tags and barcodes - RFID tracking"
ğŸ·ï¸ Asset classification,"Criticality rating - Sensitivity level - Business value - Replacement cost"
ğŸ›’ Procurement process,"Vendor selection - Security requirements - Contract terms - Supply chain security"
ğŸ”„ Asset lifecycle,"Acquisition - Deployment - Maintenance - Retirement/disposal"
ğŸ‘¤ Assignment and ownership,"User assignment - Department allocation - Custodian responsibility - Change tracking"
ğŸ—‘ï¸ Data destruction methods,"Overwriting - Degaussing - Physical destruction - Cryptographic erasure"
ğŸ“ Sanitization standards,"NIST SP 800-88 - DoD 5220.22-M - Multiple pass overwrite - Verification required"
ğŸ’¥ Physical destruction,"Shredding - Pulverizing - Incineration - Certificate of destruction"
â™»ï¸ Secure disposal,"Data wiping - Physical destruction - Environmental concerns - Recycling programs"
ğŸ“„ Certificate of destruction,"Proof of proper disposal - Audit trail - Compliance requirement - Third-party verification"
ğŸ” Vulnerability scanner,"Automated security testing - Identify known vulnerabilities - Regular scanning schedule - Continuous monitoring"
ğŸ“¡ Scanning types,"Network scanning - Application scanning - Database scanning - Web application scanning"
â° Scanning frequency,"Scheduled scans (daily, weekly, monthly) - On-demand scans - Continuous scanning - After changes"
ğŸ”‘ Credentialed vs. non-credentialed,"Credentialed: Authenticated access, deeper scan - Non-credentialed: External perspective - Both provide value - Different vulnerability visibility"
ğŸ–¥ï¸ Agent-based vs. agent-less,"Agent-based: Software on target - Agent-less: Network-based scanning - Trade-offs in coverage and performance"
ğŸ‘€ Passive vs. active scanning,"Passive: Monitor traffic, no interaction - Active: Probe systems directly - Passive less intrusive - Active more comprehensive"
ğŸ¯ Scope definition,"IP ranges - Asset lists - Exclusions - Scan windows"
âš™ï¸ Scan sensitivity,"Intrusive vs. non-intrusive - Production impact - False positive rate - Compliance requirements"
ğŸ“š Vulnerability databases,"CVE (Common Vulnerabilities and Exposures) - NVD (National Vulnerability Database) - Vendor advisories - Security research"
ğŸ“Š CVSS (Common Vulnerability Scoring System),"Severity rating (0-10) - Base score, temporal score, environmental score - Critical, High, Medium, Low - Prioritization tool"
ğŸ·ï¸ Vulnerability categorization,"By severity - By asset criticality - By exploitability - By business impact"
âš ï¸ False positives,"Incorrectly identified vulnerabilities - Verify findings - Tune scanner - Document exceptions"
âŒ False negatives,"Missed vulnerabilities - Scanner limitations - Configuration issues - Validation testing"
âœ… Validation,"Confirm vulnerabilities - Reproduce findings - Assess exploitability - Determine impact"
ğŸ“„ Vulnerability reports,"Executive summary - Technical details - Affected systems - Remediation recommendations"
âš–ï¸ Risk assessment,"Likelihood of exploit - Potential impact - Business context - Risk prioritization"
ğŸ”§ Patching,"Apply security patches - Vendor updates - Testing before deployment - Emergency patches"
âš™ï¸ Configuration changes,"Harden settings - Remove unnecessary services - Update credentials - Apply baselines"
ğŸ›¡ï¸ Compensating controls,"Alternative mitigations - When patching not possible - Temporary measures - Risk acceptance"
ğŸ”€ Isolation/segmentation,"Network segmentation - VLAN separation - Quarantine systems - Air gaps"
ğŸ“‹ Patch management process,"Identify patches - Test patches - Approve patches - Deploy patches - Verify deployment"
ğŸ“… Patch scheduling,"Critical patches immediately - Regular patch cycles - Maintenance windows - Emergency procedures"
ğŸ§ª Patch testing,"Lab environment - Pilot deployment - Compatibility testing - Rollback procedures"
âœ… Tracking and validation,"Remediation status - Verification scanning - Closure documentation - Trend analysis"
â±ï¸ SLA compliance,"Remediation timelines - Critical: 30 days or less - High: 60 days - Medium: 90 days"
ğŸ¯ Penetration test definition,"Authorized simulated attack - Identify exploitable vulnerabilities - Go beyond vulnerability scanning - Controlled environment"
ğŸ“‹ Rules of engagement,"Scope definition - Authorization - Timeframe - Communication plan - Legal considerations"
â¬œ Known environment (White box),"Full knowledge - Network diagrams, credentials - Internal perspective - Comprehensive assessment"
â¬› Unknown environment (Black box),"No prior knowledge - External attacker perspective - Realistic scenario - Limited information"
â—¼ï¸ Partially known environment (Gray box),"Some information provided - Balanced approach - Efficient testing - Hybrid perspective"
ğŸ¢ Physical penetration testing,"Physical security controls - Building access - Tailgating - Social engineering"
âš”ï¸ Offensive testing,"Red team exercises - Simulate real attacks - Test defenses - Evade detection"
ğŸ›¡ï¸ Defensive testing,"Blue team exercises - Incident response - Detection capabilities - Defense improvements"
ğŸ¤ Integrated testing,"Purple team - Collaboration between red and blue - Knowledge sharing - Continuous improvement"
ğŸ” Reconnaissance,"Information gathering - OSINT - Network mapping - Target identification"
ğŸ’¥ Initial exploitation,"Gain initial access - Exploit vulnerabilities - Social engineering - Phishing campaigns"
ğŸ“Œ Persistence,"Maintain access - Backdoors - Scheduled tasks - Registry modifications"
â¬†ï¸ Privilege escalation (pentest),"Gain higher privileges - Admin/root access - Exploit misconfigurations - Credential theft"
â†”ï¸ Lateral movement,"Move through network - Access other systems - Pivot points - Network traversal"
ğŸ§¹ Cleanup,"Remove artifacts - Restore systems - Document findings - Detailed report"
ğŸŒ Open-source intelligence (OSINT),"Publicly available - Social media - Forums and blogs - News sources"
ğŸ”’ Proprietary intelligence,"Commercial threat feeds - Paid subscriptions - Vendor-specific - Industry reports"
ğŸ¤ Information sharing,"ISACs (Information Sharing and Analysis Centers) - Government agencies - Industry partnerships - Peer organizations"
ğŸ¯ Strategic intelligence (threat),"High-level trends - Long-term planning - Executive decisions - Business risk"
ğŸ› ï¸ Tactical intelligence (threat),"TTPs (Tactics, Techniques, Procedures) - Attack methods - Operational defense - Security team use"
âš¡ Operational intelligence (threat),"Ongoing campaigns - Specific threats - Real-time data - Incident response"
ğŸ“¡ Threat feeds,"IP reputation lists - Domain blacklists - File hashes (IOCs) - Automated integration"
ğŸ”„ STIX/TAXII,"STIX: Structured Threat Information Expression - TAXII: Trusted Automated Exchange of Intelligence Information - Standard formats - Automated sharing"
ğŸ” Threat hunting,"Proactive searching - Hypothesis-driven - Advanced threats - Continuous activity"
ğŸ“Š Log aggregation,"Centralize logs - Multiple sources - Correlation - Long-term storage"
ğŸ“ Log sources,"Firewall logs - IDS/IPS logs - System logs - Application logs - Authentication logs"
ğŸ”” Alerting and thresholds,"Define alert conditions - Threshold levels - Alert fatigue prevention - Tuning required"
ğŸ“‹ Scanning and reporting,"Regular scans - Compliance reports - Trend analysis - Dashboard views"
ğŸ—„ï¸ Archiving,"Long-term retention - Compliance requirements - Forensic analysis - Secure storage"
ğŸš¨ Alert response,"Triage alerts - Investigate incidents - Escalation procedures - Documentation"
ğŸ“ˆ Key Performance Indicators (KPIs),"Mean time to detect (MTTD) - Mean time to respond (MTTR) - False positive rate - Vulnerability remediation time"
ğŸ›¡ï¸ Security posture,"Overall security health - Compliance status - Risk level - Trend analysis"
ğŸ” Security Information and Event Management (SIEM),"Centralized logging - Real-time analysis - Correlation engine - Alerting and reporting"
âš™ï¸ SIEM capabilities,"Log collection and aggregation - Normalization - Correlation rules - Incident detection - Compliance reporting"
ğŸ”„ SIEM workflow,"Data collection - Parsing and normalization - Correlation and analysis - Alert generation - Incident response"
ğŸ¤– SOAR (Security Orchestration, Automation, and Response),"Automate workflows - Integrate tools - Playbooks - Reduce response time"
âœ¨ Automation benefits,"Faster response - Consistent actions - Reduce human error - Scale operations"
ğŸ“‹ SCAP (Security Content Automation Protocol),"Standardized vulnerability information - Automated compliance checking - Configuration assessment - NIST standard"
ğŸ“š Benchmarks and frameworks,"CIS Benchmarks - STIG (Security Technical Implementation Guide) - Automated compliance - Configuration validation"
ğŸŒ Network monitoring tools,"Packet analyzers (Wireshark) - NetFlow collectors - SNMP monitoring - Bandwidth monitors"
ğŸ”„ Updates and patches,"Security patches - Feature updates - Automated updates - Testing procedures"
ğŸ‘¤ User accounts,"Disable unnecessary accounts - Strong password policies - Least privilege - Regular audits"
âš™ï¸ Services and processes,"Disable unnecessary services - Startup programs - Background processes - Service accounts"
ğŸªŸ Windows security,"Windows Defender - BitLocker encryption - Windows Firewall - User Account Control (UAC) - Group Policy"
ğŸ§ Linux security,"SELinux / AppArmor - iptables / nftables - sudo configuration - File permissions - Package management"
ğŸ macOS security,"Gatekeeper - FileVault encryption - XProtect antivirus - System Integrity Protection (SIP)"
ğŸ”§ Registry/configuration hardening,"Registry security (Windows) - Configuration files (Linux/Unix) - Secure defaults - Audit settings"
ğŸ“ Logging and auditing,"Enable audit logs - Monitor security events - Log forwarding - Retention policies"
ğŸ¦  Antivirus / Anti-malware,"Signature-based detection - Heuristic analysis - Real-time protection - Regular updates"
ğŸ¯ Endpoint Detection and Response (EDR),"Advanced threat detection - Behavioral analysis - Automated response - Forensic capabilities"
ğŸ”¥ Host-based firewalls,"Inbound/outbound filtering - Application control - Network profiles - Logging"
ğŸ‘ï¸ Host-based IDS/IPS (HIDS/HIPS),"Monitor host activities - Detect suspicious behavior - Prevent exploits - File integrity monitoring"
ğŸ›¡ï¸ Data Loss Prevention (DLP),"Monitor data movement - Prevent exfiltration - USB control - Email filtering - Cloud DLP"
ğŸ“± Application control,"Application whitelisting - Software restriction policies - Prevent unauthorized apps - Execution control"
ğŸ” Encryption (endpoint),"Full-disk encryption - File-level encryption - Removable media encryption - Self-encrypting drives (SED)"
âœ‰ï¸ Email encryption,"TLS for transport - S/MIME for end-to-end - PGP/GPG - Digital signatures"
ğŸš« Anti-spam,"Spam filtering - Bayesian filters - Reputation lists - Content analysis"
ğŸ£ Anti-phishing,"Link analysis - Sender verification - User training - Reporting mechanisms"
ğŸ“§ DLP for email,"Content inspection - Policy enforcement - Block sensitive data - Quarantine"
ğŸ“¤ SPF (Sender Policy Framework),"Authorized sender IPs - DNS-based - Prevent spoofing"
ğŸ”‘ DKIM (DomainKeys Identified Mail),"Email signing - Cryptographic verification - Message integrity"
âœ… DMARC (Domain-based Message Authentication, Reporting & Conformance),"Policy framework - SPF and DKIM alignment - Reporting - Reject/quarantine"
ğŸšª Email gateways,"Centralized filtering - Cloud-based or on-premises - Multiple security layers - Sandboxing"
ğŸ”’ HTTPS (HTTP Secure),"TLS/SSL encryption - Port 443 - Certificate-based - Replace HTTP"
ğŸ“ FTPS (FTP Secure),"FTP over TLS/SSL - Explicit or implicit - Encrypted file transfer"
ğŸ” SFTP (SSH File Transfer Protocol),"FTP over SSH - Port 22 - Strong encryption - Preferred over FTPS"
ğŸ–¥ï¸ SSH (Secure Shell),"Encrypted remote access - Port 22 - Key-based authentication - Replace Telnet"
ğŸ“Š SNMPv3,"Encrypted SNMP - Authentication - Message integrity - Replace SNMPv1/v2"
ğŸ“– LDAPS (LDAP over SSL),"Encrypted LDAP - Port 636 - Secure directory access"
ğŸ“ SRTP (Secure Real-time Transport Protocol),"Encrypted VoIP - AES encryption - Authentication"
âœ‰ï¸ S/MIME and PGP,"Email encryption - Digital signatures - End-to-end security"
â›” Disable insecure protocols,"Telnet â†’ SSH - HTTP â†’ HTTPS - FTP â†’ SFTP/FTPS - SNMPv1/v2 â†’ SNMPv3"
ğŸŒ URL filtering,"Category-based blocking - Blacklists and whitelists - Reputation-based - Real-time lookup"
ğŸ” Content filtering,"Keyword blocking - File type restrictions - MIME type filtering - Malware scanning"
ğŸ”€ Agent-based vs. centralized,"Agent on endpoint - Centralized proxy/gateway - Cloud-based filtering - Hybrid approaches"
ğŸ”€ Web proxy,"Explicit proxy - Transparent proxy - Content caching - Access control"
ğŸ” SSL/TLS inspection,"Decrypt HTTPS traffic - Inspect encrypted content - Re-encrypt to destination - Certificate considerations"
ğŸ›¡ï¸ Web application firewall (WAF),"HTTP/HTTPS protection - OWASP Top 10 - SQL injection prevention - XSS protection"
ğŸ“‹ Firewall rules,"Access control lists (ACLs) - Allow/deny rules - Order matters - Default deny"
ğŸ—ºï¸ Firewall zones,"Trust zones - Untrusted zones - DMZ - Internal networks"
ğŸš« Implicit deny,"Default deny all - Explicit allow rules - Security best practice - Whitelist approach"
ğŸ” Rule review,"Regular audits - Remove unused rules - Consolidate rules - Document changes"
ğŸ”¥ Firewall logs,"Allowed connections - Denied connections - Security events - Compliance auditing"
âš¡ High availability (firewall),"Redundant firewalls - Active/passive - Active/active - State synchronization"
ğŸŒ Network traffic,"Packet captures - NetFlow/sFlow - Bandwidth monitoring - Protocol analysis"
ğŸ“„ System logs,"Syslog - Windows Event Logs - Authentication logs - Application logs"
ğŸ”¥ Firewall logs (monitoring),"Connection attempts - Allowed traffic - Denied traffic - Policy violations"
ğŸš¨ IDS/IPS logs,"Alert logs - Signatures triggered - Attack attempts - False positives"
ğŸ”— Log correlation,"Multiple log sources - Timeline reconstruction - Pattern identification - Incident detection"
ğŸ“Š Baseline analysis,"Normal behavior - Anomaly detection - Deviation alerts - Threshold monitoring"
ğŸ“ˆ Trend analysis,"Historical data - Predictive analysis - Capacity planning - Security posture"
ğŸ” Identification,"Username - Email address - Employee ID - Unique identifier"
ğŸ”‘ Authentication (IAM),"Prove identity - Password - Biometrics - Multi-factor"
âœ… Authorization (IAM),"What access is granted - Permissions - Access control - Resource access"
ğŸ“Š Accounting (IAM),"Track activities - Audit logs - Monitoring - Compliance"
ğŸ“– Directory services,"LDAP (Lightweight Directory Access Protocol) - Active Directory - Centralized management - Authentication source"
ğŸ¤ Federation,"Trusted relationships - Third-party authentication - SAML, OAuth, OpenID Connect - Single sign-on across organizations"
ğŸ” Single Sign-On (SSO),"One login, multiple resources - Improved user experience - Centralized authentication - Reduced password fatigue"
ğŸ”’ Privileged Access Management (PAM),"Elevated privileges - Admin account control - Just-in-time access - Session recording"
â• Account creation,"Automated provisioning - User lifecycle - Role-based provisioning - Approval workflows"
ğŸ”§ Account maintenance,"Regular reviews - Permission updates - Role changes - Recertification"
â– Account deprovisioning,"Termination procedures - Disable accounts - Remove access - Archive data"
ğŸ§  Something you know,"Password - PIN - Security questions - Passphrases"
ğŸ”‘ Something you have,"Smart card - Hardware token - Soft token (mobile app) - USB security key"
ğŸ‘¤ Something you are,"Fingerprint - Face recognition - Iris scan - Voice recognition"
ğŸ“ Somewhere you are,"Geolocation - IP address - Network location - GPS coordinates"
âœ‹ Something you do,"Typing patterns - Gait analysis - Signature - Behavioral biometrics"
ğŸ” MFA methods,"SMS codes (less secure) - Authenticator apps (TOTP) - Push notifications - Hardware tokens - Biometric + password"
â° TOTP (Time-based One-Time Password),"Google Authenticator - Microsoft Authenticator - Time-synchronized - 30-second intervals"
ğŸ”¢ HOTP (HMAC-based One-Time Password),"Counter-based - Generates codes on demand - No time synchronization"
ğŸ“± Push notifications,"Mobile app approval - Out-of-band authentication - User confirmation required - Context information"
ğŸ§  Adaptive authentication,"Risk-based - Context-aware - Behavioral analysis - Dynamic requirements"
ğŸ“œ Certificate-based authentication,"Digital certificates - PKI infrastructure - Mutual authentication - Smart cards"
ğŸ” Password complexity,"Length requirements (minimum 8-12 characters) - Character variety - Upper/lowercase - Numbers and symbols"
ğŸ“‹ Password policies,"Minimum length - Complexity requirements - Expiration (if used) - History (prevent reuse) - Account lockout"
ğŸ”‘ Password managers,"Generate strong passwords - Encrypted storage - Auto-fill capability - Sync across devices"
ğŸš€ Passwordless authentication,"FIDO2 - Windows Hello - Biometrics - Security keys"
âš”ï¸ Password attacks,"Brute force - Dictionary attacks - Password spraying - Credential stuffing"
ğŸ”’ Password storage,"Never plain text - Hashing (bcrypt, Argon2) - Salting - Key stretching"
ğŸ”„ Password reset procedures,"Self-service portal - Identity verification - Secure delivery method - Temporary passwords"
ğŸ”’ Account lockout,"Failed login threshold - Lockout duration - Administrator unlock - Prevent brute force"
â° Password age,"Regular changes (controversial) - Balance security and usability - Modern guidance: change when compromised"
ğŸ”’ MAC (Mandatory Access Control),"Classification-based - System-enforced - Labels (Top Secret, Secret, etc.) - Government/military use"
ğŸ‘¤ DAC (Discretionary Access Control),"Owner-controlled - User discretion - ACLs (Access Control Lists) - Common in business"
ğŸ‘¥ RBAC (Role-Based Access Control),"Role-based permissions - Group membership - Easier administration - Most common model"
ğŸ·ï¸ ABAC (Attribute-Based Access Control),"Attribute-based decisions - Dynamic policies - Context-aware - Fine-grained control"
ğŸ” Least privilege,"Minimum necessary access - Default deny - Just enough permissions - Regular review"
ğŸ”€ Separation of duties,"Divide responsibilities - No single person controls entire process - Fraud prevention - Dual control"
â° Time-of-day restrictions,"Limit access hours - Business hours only - Reduce attack window - Compliance requirement"
ğŸ“ Location-based restrictions,"Geographic limitations - IP address filtering - Geofencing - VPN requirements"
ğŸ” User access review,"Regular audits - Quarterly or annual - Remove unnecessary access - Recertification"
â¬†ï¸ Privilege creep,"Accumulation of permissions - Job changes - Regular cleanup - Access governance"
âš¡ Efficiency,"Reduce manual effort - Faster execution - Consistent results - Scale operations"
âœ… Accuracy,"Eliminate human error - Repeatable processes - Standardized configurations - Reliable outcomes"
ğŸ“Š Continuous monitoring,"24/7 operations - Automated responses - Real-time alerts - Proactive detection"
â• User provisioning,"Automated account creation - Role-based access - Onboarding workflows - Deprovisioning"
ğŸ« Ticket creation,"Automated incident tickets - SIEM integration - Workflow triggers - Assignment rules"
ğŸš¨ Security responses,"Isolate compromised systems - Block malicious IPs - Quarantine files - Reset passwords"
âœ… Compliance,"Automated audits - Configuration checks - Report generation - Remediation tracking"
ğŸ’» Scripting languages,"PowerShell (Windows) - Bash/Shell (Linux) - Python (cross-platform) - Perl, Ruby"
ğŸ“ Use cases,"Log analysis - Security scanning - Configuration management - Data processing"
âœ¨ Best practices,"Version control - Code review - Testing - Documentation - Error handling"
ğŸ­ Security orchestration,"Coordinate multiple tools - Automated workflows - Playbooks - Integration platform"
ğŸ¤– SOAR capabilities,"Security orchestration - Automation - Response - Case management"
ğŸ“ Infrastructure as Code,"Terraform - Ansible - Puppet, Chef - CloudFormation"
ğŸ“‹ Incident response plan,"Documented procedures - Roles and responsibilities - Communication plan - Escalation procedures"
ğŸ‘¥ Incident response team,"Security analysts - IT staff - Management - Legal counsel - PR/communications - External partners"
ğŸ“ Communication plan,"Internal notifications - External communications - Media relations - Customer notifications - Regulatory reporting"
ğŸ“‹ Tabletop exercises,"Discussion-based - Walk through scenarios - Test procedures - Identify gaps - Low cost, low risk"
ğŸ­ Simulations,"Live exercises - Simulated incidents - Test tools and processes - Practice coordination - More realistic"
ğŸ” Root cause analysis,"Identify underlying cause - Prevent recurrence - Improve processes - Lessons learned"
ğŸ“ Incident documentation,"Timeline of events - Actions taken - Evidence collected - Decisions made - Lessons learned"
ğŸ“… Retention requirements,"Legal requirements - Compliance mandates - Organization policy - Evidence preservation"
1ï¸âƒ£ 1. Preparation,"Tools and resources - Training - Policies and procedures - Communication plan"
2ï¸âƒ£ 2. Identification (Detection),"Detect incidents - Determine scope - Categorize severity - Alert appropriate parties"
3ï¸âƒ£ 3. Containment,"Short-term: Immediate actions, isolate systems, prevent spread - Long-term: Temporary fixes, clean systems, apply patches"
4ï¸âƒ£ 4. Eradication,"Remove threat - Delete malware - Patch vulnerabilities - Reset passwords - Fix root cause"
5ï¸âƒ£ 5. Recovery,"Restore systems - Verify normal operation - Monitor for reinfection - Return to production - Gradual restoration"
6ï¸âƒ£ 6. Lessons Learned,"Post-incident review - What went well - What needs improvement - Update procedures - Document findings"
ğŸ”’ Isolation,"Disconnect from network - Physical isolation - VLAN segmentation - Firewall rules"
ğŸ”€ Segmentation (containment),"Limit lateral movement - Contain to segment - Protect critical assets - Micro-segmentation"
ğŸ“¦ Evidence collection,"Order of volatility - Proper procedures - Chain of custody - Forensic tools"
âš–ï¸ Legal hold,"Preserve evidence - Litigation support - Regulatory compliance - No destruction"
ğŸ“Š Order of volatility,"Most volatile first - CPU cache and registers - RAM (memory dump) - Network traffic - Disk drives - Backups and logs"
ğŸ’¾ Data acquisition,"Forensic imaging - Bit-by-bit copy - Write blockers - Hash verification - Maintain integrity"
ğŸ”— Chain of custody,"Document handling - Who, what, when, where - Maintain integrity - Court admissibility - Unbroken chain"
ğŸ§  Memory forensics,"RAM analysis - Running processes - Network connections - Encryption keys - Volatile data"
ğŸ’¿ Disk forensics,"File system analysis - Deleted file recovery - Timeline analysis - Metadata examination"
ğŸŒ Network forensics,"Packet capture - Flow analysis - Protocol analysis - Network logs"
ğŸ” E-discovery,"Electronic evidence - Legal proceedings - Search and collection - Relevance and privilege"
ğŸ“„ Forensic reporting,"Detailed findings - Technical analysis - Timeline reconstruction - Expert testimony"
âš–ï¸ Legal considerations,"Admissibility - Privacy laws - Data protection - Jurisdictional issues"
